xcordadjusted,shotplaycontinuedinzone,lasteventycord_adjusted,awayteamcode,xplaycontinuedinzone,shootingteamaveragetimeoniceofdefencemensincefaceoff,hometeamcode,shotplaycontinuedoutsidezone,id,shootingteamdefencemenonice,lasteventycord,shootingteammintimeoniceofforwardssincefaceoff,averagerestdifference,shootingteammaxtimeonice,defendingteamdefencemenonice,shotdistance,defendingteamaveragetimeonicesincefaceoff,shootingteammaxtimeoniceofdefencemen,shootingteamaveragetimeonicesincefaceoff,shottype,shotonemptynet,timeuntilnextevent,event,defendingteamforwardsonice,period,awayteamgoals,shootingteammaxtimeoniceofforwards,defendingteammintimeoniceofforwardssincefaceoff,shotgoaliefroze,defendingteammintimeonicesincefaceoff,shootertimeonicesincefaceoff,homepenalty1timeleft,defendingteammintimeoniceofforwards,distancefromlastevent,defendingteammaxtimeoniceofforwards,lasteventteam,defendingteammaxtimeonice,shootingteammintimeoniceofforwards,shotgeneratedrebound,offwing,xshotwasongoal,shotplaystopped,shotangleplusrebound,lasteventcategory,defendingteamaveragetimeoniceofdefencemen,homepenalty1length,game_id,playernumthatdidevent,time,season,awayskatersonice,defendingteamaveragetimeoniceofforwards,xgoal,shooterplayerid,shootingteamaveragetimeonice,defendingteamaveragetimeoniceofforwardssincefaceoff,shootingteammintimeoniceofdefencemen,shotrush,arenaadjustedxcord,shootingteammintimeoniceofdefencemensincefaceoff,hometeamgoals,shotangle,shootingteammintimeonice,shootingteammaxtimeonicesincefaceoff,ycordadjusted,shotwasongoal,shootingteamaveragetimeoniceofdefencemen,shootingteammaxtimeoniceofforwardssincefaceoff,awayemptynet,defendingteammintimeoniceofdefencemen,xfroze,lasteventxcord_adjusted,defendingteammaxtimeoniceofdefencemen,team,shootingteammaxtimeoniceofdefencemensincefaceoff,xplaycontinuedoutsidezone,shootingteamforwardsonice,playernumthatdidlastevent,arenaadjustedshotdistance,shotrebound,location,lasteventshotangle,shootingteamaveragetimeoniceofforwards,shotangleplusreboundspeed,teamcode,awaypenalty1length,awaypenalty1timeleft,xrebound,homeskatersonice,goal,shotanglereboundroyalroad,shooterleftright,shootertimeonice,defendingteammaxtimeoniceofdefencemensincefaceoff,defendingteammaxtimeoniceofforwardssincefaceoff,isplayoffgame,speedfromlastevent,goalienameforshot,ishometeam,timedifferencesincechange,shootername,xcord,timesincelastevent,shotangleadjusted,defendingteammintimeonice,arenaadjustedxcordabs,lasteventxcord,defendingteammintimeoniceofdefencemensincefaceoff,shootingteamaveragetimeoniceofforwardssincefaceoff,ycord,defendingteamaveragetimeoniceofdefencemensincefaceoff,defendingteamaveragetimeonice,shootingteammintimeonicesincefaceoff,shotid,xplaystopped,homeemptynet,hometeamwon,timesincefaceoff,goalieidforshot,playerpositionthatdidevent,arenaadjustedycord,defendingteammaxtimeonicesincefaceoff,arenaadjustedycordabs,lasteventshotdistance,game_id2
54,0,38,DAL,0.413192,24.0,NSH,1.0,209,2,38,24,-3.8,24,2,37.3363094052,27.8,24,24.0,SLAP,0,28.0,SHOT,3,3,1,24,24,0,7,24,0,24,83.4086326467,24,HOME,60,24,0,0,0.681607,0,0.0,TAKE,33.5,0,20832,10,2858,2018,5,24.0,0.0482937,8476925.0,24.0,24.0,24,0,52.0,24,1,-20.3764352138,24,24,-13,1.0,24.0,24,0,7,0.151552,-12,60,HOME,24,0.324819,3,0,39.0,0,AWAYZONE,0.0,24.0,0.0,NSH,0,0,0.0411066,5,0,0,R,24,60,24,0,2.97887973738,Anton Khudobin,1.0,17,Colton Sissons,54,28,20.3764352138,7,52.0,-12,7,24.0,-13,33.5,27.8,24,620637,0.0210359,0,1,60,8471418.0,C,-14.0,60,14.0,0.0,2018020832
86,0,9,MTL,0.372382,23.0,CBJ,1.0,167,2,-9,23,0.0,39,2,5.83095189485,23.0,26,23.0,SNAP,0,7.0,SHOT,3,2,2,39,23,0,23,23,0,38,16.6433169771,40,HOME,40,35,0,1,0.901301,0,0.0,BLOCK,39.0,0,20355,27,1793,2024,5,39.0,0.116958,8479944.0,32.4,23.0,25,0,-86.0,23,2,-59.0362434679,25,23,-5,1.0,25.5,23,0,39,0.166826,77,39,HOME,23,0.252679,3,0,5.83095189485,0,AWAYZONE,0.0,37.0,0.0,CBJ,0,0,0.0714202,5,0,0,L,37,23,23,0,1.04020731107,Cayden Primeau,1.0,0,Zachary Aston-Reese,-86,16,59.0362434679,38,86.0,-77,23,23.0,5,23.0,39.0,23,30153,0.0197348,0,0,23,8480051.0,C,5.0,23,5.0,0.0,2024020355
65,1,-17,ANA,0.384148,47.0,L.A,0.0,212,2,-17,47,6.4,47,2,24.1867732449,40.6,47,47.0,SNAP,0,9.0,SHOT,3,2,1,47,46,0,27,47,0,46,161.607549329,57,HOME,57,47,0,0,0.72391,0,0.0,HIT,27.0,0,20222,8,2220,2018,5,49.6666666667,0.13518,8474563.0,47.0,49.6666666667,47,0,64.0,47,3,-7.1250163489,47,47,-3,1.0,47.0,47,0,27,0.113351,-96,27,HOME,47,0.302395,3,0,25.0,0,AWAYZONE,0.0,47.0,0.0,L.A,0,0,0.0427785,5,0,0,R,47,27,57,0,2.2761626666,John Gibson,1.0,20,Drew Doughty,65,71,7.1250163489,27,64.0,-96,27,47.0,-3,27.0,40.6,47,568117,0.0221474,0,1,179,8476434.0,D,-3.0,57,3.0,0.0,2018020222
34,0,-14,DET,0.422239,59.0,SEA,1.0,40,1,14,52,-2.65,59,2,55.0090901579,58.25,59,55.6,WRIST,0,35.0,SHOT,2,1,1,56,58,0,58,59,9,58,34.5398320783,59,AWAY,59,52,0,1,0.662904,0,0.0,BLOCK,58.0,120,20857,56,525,2024,5,58.5,0.00724663,8476979.0,55.6,58.5,59,0,-34.0,59,0,-1.04162667601,52,59,-1,1.0,59.0,56,0,58,0.194675,66,58,AWAY,59,0.260938,4,0,55.0,0,HOMEZONE,0.0,54.75,0.0,DET,0,0,0.0961201,4,0,0,L,59,58,59,0,6.90796641567,Joey Daccord,0.0,-6,Erik Gustafsson,-34,5,1.04162667601,58,34.0,-66,58,54.75,1,58.0,58.25,52,72829,0.0187811,0,0,111,8478916.0,D,1.0,59,1.0,0.0,2024020857
40,0,-6,LAK,0.435033,1.5,SJS,1.0,29,2,6,6,-4.4,15,2,49.010203019399995,11.2,2,6.8,WRIST,0,29.0,SHOT,3,1,0,15,10,0,10,15,0,10,31.7804971641,13,AWAY,13,6,0,0,0.685303,0,19.6040881508,MISS,11.0,0,20494,12,352,2023,5,11.3333333333,0.0161169,8479675.0,6.8,11.3333333333,1,0,-40.0,1,0,1.1691393279100002,1,15,1,1.0,1.5,15,0,10,0.224369,71,12,AWAY,2,0.262277,3,61,49.010203019399995,0,HOMEZONE,-18.4349488229,10.3333333333,0.891094915947,LAK,0,0,0.0387563,5,0,1,L,15,12,13,0,1.44456805292,Kaapo Kahkonen,0.0,-9,Trevor Moore,-40,22,1.1691393279100002,10,40.0,-71,10,10.3333333333,-1,11.0,11.2,1,43343,0.0234484,0,0,90,8478039.0,L,-1.0,13,1.0,18.973665961,2023020494
75,0,0,PIT,0.307918,32.0,MTL,1.0,368,1,0,32,0.0,32,1,14.142135623699998,32.0,32,32.0,WRIST,0,15.0,SHOT,2,4,3,32,32,0,32,32,0,32,75.0266619276,32,HOME,32,32,0,0,0.838717,0,0.0,FAC,32.0,0,20062,87,3632,2018,3,32.0,0.1436849999999999,8471675.0,32.0,32.0,32,0,-74.0,32,3,8.13010235416,32,32,2,1.0,32.0,32,0,32,0.0906413,0,32,AWAY,32,0.365976,2,0,15.0,0,HOMEZONE,0.0,32.0,0.0,PIT,0,0,0.0736236,3,0,0,L,32,32,32,0,2.3445831852400003,Antti Niemi,0.0,0,Sidney Crosby,-75,32,8.13010235416,32,74.0,0,32,32.0,-2,32.0,32.0,32,554167,0.0181558,0,1,32,8474550.0,C,-2.0,32,2.0,0.0,2018020062
40,1,-22,N.J,0.461525,16.0,CGY,0.0,64,2,22,16,0.0,29,2,55.9464029228,16.0,29,16.0,WRIST,0,6.0,MISS,3,1,0,16,16,0,16,16,0,16,29.4278779391,16,HOME,16,16,0,0,0.65059,0,0.0,FAC,16.0,0,21078,4,629,2018,5,16.0,0.00727056,8478397.0,21.2,16.0,29,0,-39.0,16,1,-28.855661219699996,16,16,-27,0.0,29.0,16,0,16,0.18897,69,16,HOME,16,0.285703,3,0,57.0,0,AWAYZONE,0.0,16.0,0.0,CGY,0,0,0.0370514,5,0,0,R,29,16,16,0,1.8392423712,Mackenzie Blackwood,1.0,0,Rasmus Andersson,-40,16,28.855661219699996,16,39.0,-69,16,16.0,27,16.0,16.0,16,641959,0.0194802,0,1,16,8478406.0,D,28.0,16,28.0,0.0,2018021078
64,0,28,BOS,0.361526,33.0,DET,0.0,154,2,-28,12,12.2,59,2,36.7967389859,21.8,33,34.0,SNAP,0,0.0,GOAL,3,2,0,59,19,0,19,12,0,19,33.0151480384,33,AWAY,33,12,0,0,0.793126,0,0.0,HIT,19.0,0,20817,52,1931,2017,5,23.6666666667,0.0182122,8476374.0,34.0,23.6666666667,33,0,-63.0,33,1,47.202598161800005,12,59,27,1.0,33.0,59,0,19,0.23427,97,19,AWAY,33,0.337598,3,0,39.0,0,HOMEZONE,0.0,34.6666666667,0.0,BOS,0,0,0.0279344,5,1,0,L,12,19,33,0,1.1005049346100002,Jimmy Howard,0.0,-7,Sean Kuraly,-64,30,47.202598161800005,19,63.0,-97,19,34.6666666667,-27,19.0,21.8,12,1792378,0.0204597,0,0,123,8470657.0,C,-29.0,33,29.0,0.0,2017020817
39,0,11,DAL,0.503638,35.0,NSH,0.0,271,1,11,35,2.0,54,2,51.4198405287,33.0,54,35.0,WRIST,0,0.0,SHOT,2,3,4,45,27,1,27,35,0,27,26.0192236625,57,HOME,57,35,0,0,0.644141,0,0.0,BLOCK,46.0,0,20505,59,3075,2019,4,42.0,0.0317204,8474600.0,40.8,31.0,54,0,38.0,35,1,13.4957332808,35,35,12,1.0,54.0,35,0,35,0.158636,65,57,HOME,35,0.222753,4,0,52.0,0,AWAYZONE,0.0,37.5,0.0,NSH,120,85,0.066575,5,0,0,L,54,35,35,0,1.85851597589,Anton Khudobin,1.0,8,Roman Josi,39,14,13.4957332808,27,38.0,65,35,35.0,12,35.0,44.0,35,487853,0.0166777,0,0,35,8471418.0,D,12.0,35,12.0,0.0,2019020505
83,0,-22,DET,0.323165,27.0,NSH,1.0,140,2,-22,27,0.0,27,2,6.32455532034,27.0,27,27.0,TIP,0,14.0,MISS,3,2,0,27,27,0,27,27,0,27,66.0984114786,27,AWAY,27,27,0,0,0.8443860000000001,0,0.0,FAC,27.0,0,21116,57,1473,2023,5,27.0,0.196597,8474102.0,27.0,27.0,27,0,83.0,27,0,-18.4349488229,27,27,-2,0.0,27.0,27,0,27,0.14463,20,27,AWAY,27,0.243834,3,0,6.32455532034,0,HOMEZONE,0.0,27.0,0.0,DET,0,0,0.0726281,5,0,0,R,27,27,27,0,2.44808931402,Juuse Saros,0.0,0,David Perron,83,27,18.4349488229,27,83.0,20,27,27.0,-2,27.0,27.0,27,97736,0.0191459,0,1,27,8477424.0,L,-2.0,27,2.0,0.0,2023021116
69,0,2,S.J,0.350838,38.0,ARI,0.0,147,2,2,9,-52.8,38,1,24.4131112315,85.0,38,32.2,WRIST,0,1.0,SHOT,4,2,1,38,85,1,85,38,0,85,145.495704404,85,HOME,85,9,0,0,0.82221,0,0.0,SHOT,85.0,0,20528,44,1888,2020,5,85.0,0.07599,8471709.0,32.2,85.0,38,0,68.0,38,1,34.9920201986,9,38,14,1.0,38.0,38,0,85,0.183516,-76,85,AWAY,38,0.292688,3,8,26.0,0,HOMEZONE,0.0,28.3333333333,0.0,S.J,0,0,0.0561434999999999,5,0,0,L,38,85,85,0,29.0991408808,Adin Hill,0.0,-76,Marc-Edouard Vlasic,69,5,34.9920201986,85,68.0,-76,85,28.3333333333,14,85.0,85.0,9,407956,0.0408241,0,1,85,8478499.0,D,15.0,85,15.0,0.0,2020020528
38,0,-18,L.A,0.377974,19.0,DET,1.0,243,2,18,7,7.6,31,2,53.7587202229,11.6,31,19.2,SLAP,0,59.0,MISS,3,3,2,28,4,0,4,31,0,4,50.931326313,4,HOME,23,7,0,0,0.651488,0,70.5599651718,SHOT,23.0,0,20289,52,2851,2015,5,4.0,0.0320041,8470318.0,19.2,4.0,7,0,-37.0,7,3,18.4349488229,7,31,17,0.0,19.0,28,0,23,0.209017,75,23,HOME,31,0.30681,3,17,55.0,0,AWAYZONE,-52.1250163489,19.3333333333,17.639991292999998,DET,0,0,0.046378,5,0,1,L,31,23,4,0,12.7328315782,Jhonas Enroth,1.0,3,Jonathan Ericsson,-38,4,18.4349488229,4,37.0,-75,23,19.3333333333,-17,23.0,11.6,7,1523789,0.0278168,0,1,59,8473523.0,D,-17.0,23,17.0,22.803508502,2015020289
49,0,11,NYR,0.4588569999999999,24.0,TOR,0.0,70,2,11,41,-8.8,41,2,42.3792402008,43.0,34,34.2,WRIST,0,0.0,SHOT,3,1,0,41,32,0,32,41,0,32,33.1360830516,42,AWAY,55,41,1,0,0.6401939999999999,0,0.0,BLOCK,52.0,0,20248,72,791,2021,5,37.0,0.0219158,8480078.0,34.2,37.0,14,0,49.0,14,1,19.2900462192,14,41,14,1.0,24.0,41,0,49,0.152258,82,55,AWAY,34,0.307433,3,0,42.0,0,HOMEZONE,0.0,41.0,0.0,NYR,0,0,0.0394889999999999,5,0,0,L,41,55,42,0,2.7613402543,Jack Campbell,0.0,-18,Filip Chytil,49,12,19.2900462192,32,49.0,82,49,41.0,14,52.0,43.0,14,265422,0.0200474,0,1,190,8475789.0,C,14.0,55,14.0,0.0,2021020248
67,0,38,WSH,0.394967,26.0,MTL,0.0,16,2,38,26,0.0,32,2,22.0227155455,26.0,26,26.0,WRIST,0,0.0,GOAL,3,1,0,32,26,0,26,26,0,34,135.16286472299998,55,HOME,55,32,0,1,0.760512,0,0.0,HIT,55.0,0,20771,83,182,2016,5,41.0,0.113672,8474291.0,29.6,26.0,26,0,65.0,26,0,2.6025622025,26,26,1,1.0,26.0,26,0,55,0.114301,-63,55,AWAY,26,0.283212,3,0,24.0,0,HOMEZONE,0.0,32.0,0.0,WSH,0,0,0.0727072,5,1,0,R,32,26,26,0,15.0180960803,Carey Price,0.0,0,Jay Beagle,67,9,2.6025622025,34,65.0,-63,26,26.0,1,26.0,46.6,26,1673945,0.0211412,0,0,26,8471679.0,C,1.0,26,1.0,0.0,2016020771
75,0,6,TOR,0.532281,62.0,OTT,0.0,142,1,-6,62,3.5,104,2,22.803508502,58.5,104,62.0,WRIST,0,0.0,GOAL,2,2,1,104,48,0,48,62,0,48,15.0,119,HOME,119,62,0,1,0.704843,0,1.93058744117,MISS,62.0,0,20443,19,1500,2020,4,83.5,0.0641376999999999,8480208.0,78.8,55.0,104,0,-73.0,62,2,52.1250163489,62,62,18,1.0,104.0,62,0,62,0.114987,84,62,HOME,62,0.207548,4,19,26.0,0,AWAYZONE,50.19442890770001,72.5,0.386117488233,OTT,120,58,0.0629803,5,1,0,R,62,62,62,0,3.0,Frederik Andersen,1.0,14,Drake Batherson,-75,5,52.1250163489,48,73.0,-84,62,62.0,-18,62.0,72.75,62,400823,0.0180666,0,1,62,8475883.0,C,-21.0,62,21.0,7.810249675910001,2020020443
42,1,-7,BUF,0.364114,31.0,DET,0.0,196,2,7,0,10.2,62,2,61.7170964968,26.6,62,36.8,WRIST,0,4.0,SHOT,3,2,1,62,24,0,20,62,0,24,131.673839467,31,HOME,31,0,0,0,0.741729,0,0.0,SHOT,25.5,0,21059,25,2187,2023,5,27.3333333333,0.00623711,8482671.0,36.8,27.3333333333,0,0,-42.0,0,1,40.3999043337,0,62,40,1.0,31.0,62,0,20,0.21493,-81,31,AWAY,62,0.368433,3,36,62.0,0,HOMEZONE,0.0,40.6666666667,0.0,BUF,0,0,0.0226317999999999,5,0,0,L,62,31,31,0,6.27018283177,James Reimer,0.0,-20,Owen Power,-42,21,40.3999043337,20,42.0,81,20,40.6666666667,-40,25.5,26.6,0,92841,0.0236539999999999,0,1,95,8473503.0,D,-40.0,31,40.0,0.0,2023021059
47,0,0,PIT,0.416267,27.0,NYR,0.0,39,2,0,27,0.0,27,2,49.9299509313,27.0,27,27.0,SLAP,0,0.0,SHOT,3,1,0,27,27,1,27,27,0,32,54.203320931499995,38,AWAY,38,27,0,0,0.676946,0,0.0,FAC,27.0,0,21079,58,371,2017,5,36.0,0.0131025,8471724.0,27.0,27.0,27,0,44.0,27,0,-32.7352262721,27,27,-27,1.0,27.0,27,0,27,0.171742,0,27,AWAY,27,0.339918,3,0,53.0,0,HOMEZONE,0.0,27.0,0.0,PIT,0,0,0.0364284,5,0,0,R,27,27,27,0,2.00753040487,Alexandar Georgiev,0.0,0,Kris Letang,47,27,32.7352262721,27,44.0,0,27,27.0,-27,27.0,32.4,27,1815792,0.0225421,0,1,27,8480382.0,D,-29.0,27,29.0,0.0,2017021079
53,0,-37,SJS,0.0457864,10.0,CBJ,0.0,302,2,-37,10,0.0,100,0,36.0,10.0,100,10.0,WRIST,1,0.0,GOAL,6,3,1,97,10,0,10,10,0,41,137.087563258,60,HOME,60,43,0,0,0.788162,0,0.0,GIVE,999.0,0,20711,21,3479,2024,6,50.1666666667,0.893852,8474037.0,77.6,10.0,98,0,52.0,10,3,0.0,43,10,0,1.0,99.0,10,1,999,0.00720226,-79,0,HOME,10,0.037218,3,0,37.0,0,AWAYZONE,0.0,63.3333333333,0.0,CBJ,0,0,0.00886005,5,1,0,L,50,0,10,0,22.8479272097,,1.0,0,James van Riemsdyk,53,6,0.0,41,52.0,-79,999,10.0,0,999.0,50.1666666667,10,60276,0.00708162,0,1,10,0.0,L,-0.0,10,0.0,0.0,2024020711
58,0,3,L.A,0.417393,21.0,WSH,0.0,273,2,-3,8,-15.0,21,2,35.3553390593,28.2,21,13.2,WRIST,0,1.0,SHOT,3,3,1,8,4,1,4,8,0,4,19.7989898732,19,HOME,57,8,0,1,0.7231529999999999,0,18.7318154902,MISS,57.0,0,20848,8,2724,2015,5,9.0,0.0457527,8471214.0,13.2,9.0,21,0,-58.0,21,1,28.7397952917,8,21,17,1.0,21.0,8,0,57,0.1790119999999999,72,57,HOME,21,0.285619,3,43,35.0,0,AWAYZONE,10.0079798014,8.0,1.04065641612,WSH,0,0,0.0491333,5,0,0,R,8,57,19,0,1.09994388185,Jonathan Quick,1.0,4,Alex Ovechkin,-58,18,28.7397952917,4,58.0,-72,57,8.0,-17,57.0,28.2,8,1570127,0.0230895,0,1,190,8471734.0,L,-17.0,57,17.0,17.2626765016,2015020848
70,1,0,COL,0.4553,13.0,DAL,0.0,255,2,0,13,0.0,13,2,26.172504656599997,13.0,13,13.0,WRIST,0,28.0,SHOT,3,3,3,13,13,0,13,13,0,18,73.2461603089,18,HOME,18,13,0,0,0.740061,0,0.0,FAC,13.0,0,21216,14,2917,2016,5,18.0,0.0370374,8473994.0,13.0,13.0,13,0,-69.0,13,2,43.451842301000006,13,13,18,1.0,13.0,13,0,13,0.14951,-1,13,HOME,13,0.291386,3,0,27.0,0,AWAYZONE,0.0,13.0,0.0,DAL,0,0,0.0453520999999999,5,0,0,L,13,13,13,0,5.634320023759999,Jeremy Smith,1.0,0,Jamie Benn,-70,13,43.451842301000006,13,69.0,1,13,13.0,-18,13.0,16.0,13,1711695,0.0214142,0,1,13,8474092.0,L,-19.0,13,19.0,0.0,2016021216
